Gene	Location	Start	End	Repeats
Actin	NC_063041.1	2,127,761	2,127,800	(TGA)n
Actin	NC_063041.1	2,133,981	2,134,000	(AGA)n
Actin	NC_063041.1	2,142,734	2,142,772	(ATG)n
Actin	NC_063041.1	2,146,256	2,146,311	(TTTTC)n
α-Tubulin	NC_063035.1	504,947	504,990	(TTTC)n
α-Tubulin	NC_063035.1	507,132	507,168	GA-rich
α-Tubulin	NC_063035.1	515,143	515,162	(T)n
α-Tubulin	NC_063035.1	515,832	515,856	(TCA)n
α-Tubulin	NC_063035.1	523,060	523,087	(A)n
α-Tubulin	NC_063035.1	527,186	527,282	(GATGAG)n
α-Tubulin	NC_063035.1	531,121	531,148	(GATTT)n
α-Tubulin	NC_063035.1	532,397	532,421	(A)n
α-Tubulin	NC_063035.1	532,535	532,579	(ATGAG)n
α-Tubulin	NC_063035.1	533,102	533,161	(TTGAAGA)n
α-Tubulin	NC_063035.1	535,623	535,710	(CTT)n
α-Tubulin	NC_063035.1	535,718	535,755	(TTAATA)n
β-Tubulin	NC_063031.1	1,229,146	1,229,192	GA-rich
β-Tubulin	NC_063031.1	1,229,912	1,229,953	(TC)n
β-Tubulin	NC_063031.1	1,236,809	1,236,844	(ATGCTG)n
β-Tubulin	NC_063031.1	1,244,767	1,244,789	(ATC)n
β-Tubulin	NC_063031.1	1,245,040	1,245,084	(TCAGTC)n
β-Tubulin	NC_063031.1	1,245,067	1,245,164	(TCTCCA)n
β-Tubulin	NC_063031.1	1,247,597	1,247,646	(TTTCTTC)n
β-Tubulin	NC_063031.1	1,248,430	1,248,449	(A)n
β-Tubulin	NC_063031.1	1,248,449	1,248,493	A-rich
β-Tubulin	NC_063031.1	1,249,257	1,249,296	(TCCAAT)n
β-Tubulin	NC_063031.1	1,262,216	1,262,238	(AGCG)n
β-Tubulin	NC_063031.1	1,262,384	1,262,446	(CTGCCTC)n
β-Tubulin	NC_063031.1	1,264,535	1,264,558	(T)n
Elongation factor 1	NC_063031.1	1,395,843	1,395,910	(TTCTT)n
Elongation factor 1	NC_063031.1	1,403,070	1,403,100	(CAAAT)n
Elongation factor 1	NC_063031.1	1,405,635	1,405,681	A-rich
Elongation factor 1	NC_063031.1	1,407,384	1,407,422	(GAAGAT)n
Elongation factor 1	NC_063031.1	1,409,169	1,409,224	(CA)n
Elongation factor 1	NC_063031.1	1,411,942	1,411,966	(C)n
Elongation factor 1	NC_063031.1	1,415,840	1,415,873	(T)n
Elongation factor 1	NC_063031.1	1,424,947	1,425,025	(GACTAT)n
Elongation factor 1	NC_063031.1	1,428,757	1,428,806	(GATGGAT)n
Elongation factor 1	NC_063031.1	1,429,293	1,429,319	(TGTA)n
Elongation factor 1	NC_063031.1	1,429,345	1,429,418	(TAATG)n
Elongation factor 1	NC_063031.1	1,432,505	1,432,554	(GATGGAT)n
Elongation factor 1	NC_063031.1	1,433,042	1,433,068	(TGTA)n
Elongation factor 1	NC_063031.1	1,433,094	1,433,167	(TAATG)n
PST130_P495001	NC_063032.1	2,655,532	2,655,571	A-rich
PST130_P495001	NC_063032.1	2,657,246	2,657,275	(CGGAT)n
PST130_P495001	NC_063032.1	2,662,084	2,662,113	A-rich
PST130_P495001	NC_063032.1	2,677,371	2,677,391	(T)n
PST130_P495001	NC_063032.1	2,678,645	2,678,663	(TGC)n
PST130_P495001	NC_063032.1	2,687,395	2,687,428	(TTGAGG)n
PST130_P495001	NC_063032.1	2,691,668	2,691,687	(A)n