Gene,Location,Start,End,Repeats,stream,proximity_to_CDS,repeat_info,inside_promoter,new_repeats
Actin,NC_063041.1,2127761,2127800,(TGA)n,Upstream,15436.0,13.0,NO,(TGA)13
Actin,NC_063041.1,2133981,2134000,(AGA)n,Upstream,9216.0,6.0,NO,(AGA)6
Actin,NC_063041.1,2142734,2142772,(ATG)n,Upstream,463.0,13.0,YES,(ATG)13
Actin,NC_063041.1,2146256,2146311,(TTTTC)n,Downstream,3114.0,11.0,NO,(TTTTC)11
α-Tubulin,NC_063035.1,504947,504990,(TTTC)n,Upstream,18385.0,11.0,NO,(TTTC)11
α-Tubulin,NC_063035.1,507132,507168,GA-rich,Upstream,16200.0,97.0,NO,GA-rich (97%)
α-Tubulin,NC_063035.1,515143,515162,(T)n,Upstream,8189.0,19.0,NO,(T)19
α-Tubulin,NC_063035.1,515832,515856,(TCA)n,Upstream,7500.0,8.0,NO,(TCA)8
α-Tubulin,NC_063035.1,523060,523087,(A)n,Upstream,272.0,27.0,YES,(A)27
α-Tubulin,NC_063035.1,527186,527282,(GATGAG)n,Downstream,3950.0,16.0,NO,(GATGAG)16
α-Tubulin,NC_063035.1,531121,531148,(GATTT)n,Downstream,7816.0,5.0,NO,(GATTT)5
α-Tubulin,NC_063035.1,532397,532421,(A)n,Downstream,9089.0,24.0,NO,(A)24
α-Tubulin,NC_063035.1,532535,532579,(ATGAG)n,Downstream,9247.0,9.0,NO,(ATGAG)9
α-Tubulin,NC_063035.1,533102,533161,(TTGAAGA)n,Downstream,9829.0,8.0,NO,(TTGAAGA)8
α-Tubulin,NC_063035.1,535623,535710,(CTT)n,Downstream,12378.0,29.0,NO,(CTT)29
α-Tubulin,NC_063035.1,535718,535755,(TTAATA)n,Downstream,12423.0,6.0,NO,(TTAATA)6
β-Tubulin,NC_063031.1,1229146,1229192,GA-rich,Upstream,16254.0,93.0,NO,GA-rich (93%)
β-Tubulin,NC_063031.1,1229912,1229953,(TC)n,Upstream,15488.0,20.0,NO,(TC)20
β-Tubulin,NC_063031.1,1236809,1236844,(ATGCTG)n,Upstream,8591.0,6.0,NO,(ATGCTG)6
β-Tubulin,NC_063031.1,1244767,1244789,(ATC)n,Upstream,633.0,7.0,YES,(ATC)7
β-Tubulin,NC_063031.1,1245040,1245084,(TCAGTC)n,Upstream,360.0,7.0,YES,(TCAGTC)7
β-Tubulin,NC_063031.1,1245067,1245164,(TCTCCA)n,Upstream,333.0,16.0,YES,(TCTCCA)16
β-Tubulin,NC_063031.1,1247597,1247646,(TTTCTTC)n,Downstream,2246.0,7.0,NO,(TTTCTTC)7
β-Tubulin,NC_063031.1,1248430,1248449,(A)n,Downstream,3049.0,19.0,NO,(A)19
β-Tubulin,NC_063031.1,1248449,1248493,A-rich,Downstream,3093.0,50.0,NO,A-rich (50%)
β-Tubulin,NC_063031.1,1249257,1249296,(TCCAAT)n,Downstream,3896.0,6.0,NO,(TCCAAT)6
β-Tubulin,NC_063031.1,1262216,1262238,(AGCG)n,Downstream,16838.0,6.0,NO,(AGCG)6
β-Tubulin,NC_063031.1,1262384,1262446,(CTGCCTC)n,Downstream,17046.0,9.0,NO,(CTGCCTC)9
β-Tubulin,NC_063031.1,1264535,1264558,(T)n,Downstream,19158.0,23.0,NO,(T)23
Elongation factor 1,NC_063031.1,1395843,1395910,(TTCTT)n,Upstream,16610.0,13.0,NO,(TTCTT)13
Elongation factor 1,NC_063031.1,1403070,1403100,(CAAAT)n,Upstream,9383.0,6.0,NO,(CAAAT)6
Elongation factor 1,NC_063031.1,1405635,1405681,A-rich,Upstream,6818.0,54.0,NO,A-rich (54%)
Elongation factor 1,NC_063031.1,1407384,1407422,(GAAGAT)n,Upstream,5069.0,6.0,NO,(GAAGAT)6
Elongation factor 1,NC_063031.1,1409169,1409224,(CA)n,Upstream,3284.0,28.0,NO,(CA)28
Elongation factor 1,NC_063031.1,1411942,1411966,(C)n,Upstream,511.0,24.0,YES,(C)24
Elongation factor 1,NC_063031.1,1415840,1415873,(T)n,Downstream,3420.0,33.0,NO,(T)33
Elongation factor 1,NC_063031.1,1424947,1425025,(GACTAT)n,Downstream,12572.0,13.0,NO,(GACTAT)13
Elongation factor 1,NC_063031.1,1428757,1428806,(GATGGAT)n,Downstream,16353.0,7.0,NO,(GATGGAT)7
Elongation factor 1,NC_063031.1,1429293,1429319,(TGTA)n,Downstream,16866.0,6.0,NO,(TGTA)6
Elongation factor 1,NC_063031.1,1429345,1429418,(TAATG)n,Downstream,16965.0,15.0,NO,(TAATG)15
Elongation factor 1,NC_063031.1,1432505,1432554,(GATGGAT)n,Downstream,20101.0,7.0,NO,(GATGGAT)7
Elongation factor 1,NC_063031.1,1433042,1433068,(TGTA)n,Downstream,20615.0,6.0,NO,(TGTA)6
Elongation factor 1,NC_063031.1,1433094,1433167,(TAATG)n,Downstream,20714.0,15.0,NO,(TAATG)15
PST130_P495001,NC_063032.1,2655532,2655571,A-rich,Upstream,18840.0,51.0,NO,A-rich (51%)
PST130_P495001,NC_063032.1,2657246,2657275,(CGGAT)n,Upstream,17126.0,6.0,NO,(CGGAT)6
PST130_P495001,NC_063032.1,2662084,2662113,A-rich,Upstream,12288.0,83.0,NO,A-rich (83%)
PST130_P495001,NC_063032.1,2677371,2677391,(T)n,Downstream,3019.0,20.0,NO,(T)20
PST130_P495001,NC_063032.1,2678645,2678663,(TGC)n,Downstream,4291.0,6.0,NO,(TGC)6
PST130_P495001,NC_063032.1,2687395,2687428,(TTGAGG)n,Downstream,13056.0,6.0,NO,(TTGAGG)6
PST130_P495001,NC_063032.1,2691668,2691687,(A)n,Downstream,17315.0,19.0,NO,(A)19
